method,metric,unit,mean,sd
DCMF,Cache hit ratio,CHR (%),82.3,
m-CAC,Cache hit ratio,CHR (%),67.0,
m-Greedy,Cache hit ratio,CHR (%),64.8,
m-Myopic,Cache hit ratio,CHR (%),58.2,
DCMF,Cache expired ratio,CER (%),6.2,
m-CAC,Cache expired ratio,CER (%),18.5,
m-Greedy,Cache expired ratio,CER (%),22.3,
m-Myopic,Cache expired ratio,CER (%),28.9,
DCMF,Response time,RT (ms),120,
m-CAC,Response time,RT (ms),185,
m-Greedy,Response time,RT (ms),195,
m-Myopic,Response time,RT (ms),215,
DCMF,Cache refresh ratio,CRR (%),38.5,
m-CAC,Cache refresh ratio,CRR (%),55.2,
m-Greedy,Cache refresh ratio,CRR (%),58.7,
m-Myopic,Cache refresh ratio,CRR (%),65.3,
DCMF,Resource utilisation,Utilisation (%),,
m-CAC,Resource utilisation,Utilisation (%),,
m-Greedy,Resource utilisation,Utilisation (%),,
m-Myopic,Resource utilisation,Utilisation (%),,
