PoA,dt_s,CF,m_PoA_C,m_PoA_E,m_PoA_T,m_CF_C,m_CF_E,m_CF_T,K,BetP_Cache,action
0.5,0,1.0,0.3193,0.3832,0.2975,1.0,0.0,0.0,0.3832,1.0,keep
0.5,30,0.7408,0.3193,0.3832,0.2975,0.7157,0.1445,0.1398,0.3204,0.7459,keep
0.5,60,0.5488,0.3193,0.3832,0.2975,0.4032,0.3481,0.2487,0.2657,0.4972,keep
0.5,90,0.4066,0.3193,0.3832,0.2975,0.2489,0.5343,0.2168,0.266,0.3474,refresh
0.5,100,0.3679,0.3193,0.3832,0.2975,0.2088,0.5996,0.1916,0.2715,0.2999,refresh
0.5,110,0.3329,0.3193,0.3832,0.2975,0.1712,0.6662,0.1626,0.2783,0.2518,refresh
0.5,120,0.3012,0.3193,0.3832,0.2975,0.1352,0.7333,0.1314,0.286,0.203,refresh
0.5,125,0.2865,0.3193,0.3832,0.2975,0.1177,0.7669,0.1154,0.29,0.1783,refresh
0.5,130,0.2725,0.3193,0.3832,0.2975,0.1005,0.8003,0.0991,0.2941,0.1536,refresh
0.5,135,0.2592,0.3193,0.3832,0.2975,0.0836,0.8336,0.0828,0.2982,0.1287,refresh
0.5,140,0.2466,0.3193,0.3832,0.2975,0.0669,0.8665,0.0665,0.3023,0.1038,evict
0.5,150,0.2231,0.3193,0.3832,0.2975,0.0344,0.9313,0.0343,0.3105,0.054,evict
0.5,160,0.2019,0.3193,0.3832,0.2975,0.0029,0.9942,0.0029,0.3186,0.0046,evict
0.5,180,0.1653,0.3193,0.3832,0.2975,0.0,1.0,0.0,0.3193,0.0,evict
0.5,240,0.0907,0.3193,0.3832,0.2975,0.0,1.0,0.0,0.3193,0.0,evict
0.5,300,0.0498,0.3193,0.3832,0.2975,0.0,1.0,0.0,0.3193,0.0,evict
0.65,0,1.0,0.4719,0.2548,0.2732,1.0,0.0,0.0,0.2548,1.0,keep
0.65,30,0.7408,0.4719,0.2548,0.2732,0.7157,0.1445,0.1398,0.2506,0.8252,keep
0.65,60,0.5488,0.4719,0.2548,0.2732,0.4032,0.3481,0.2487,0.2671,0.6164,keep
0.65,90,0.4066,0.4719,0.2548,0.2732,0.2489,0.5343,0.2168,0.3156,0.4638,keep
0.65,100,0.3679,0.4719,0.2548,0.2732,0.2088,0.5996,0.1916,0.3362,0.41,keep
0.65,110,0.3329,0.4719,0.2548,0.2732,0.1712,0.6662,0.1626,0.358,0.3528,refresh
0.65,120,0.3012,0.4719,0.2548,0.2732,0.1352,0.7333,0.1314,0.3805,0.2918,refresh
0.65,125,0.2865,0.4719,0.2548,0.2732,0.1177,0.7669,0.1154,0.3919,0.2597,refresh
0.65,130,0.2725,0.4719,0.2548,0.2732,0.1005,0.8003,0.0991,0.4033,0.2266,refresh
0.65,135,0.2592,0.4719,0.2548,0.2732,0.0836,0.8336,0.0828,0.4147,0.1925,refresh
0.65,140,0.2466,0.4719,0.2548,0.2732,0.0669,0.8665,0.0665,0.426,0.1574,refresh
0.65,150,0.2231,0.4719,0.2548,0.2732,0.0344,0.9313,0.0343,0.4483,0.0843,evict
0.65,160,0.2019,0.4719,0.2548,0.2732,0.0029,0.9942,0.0029,0.4699,0.0074,evict
0.65,180,0.1653,0.4719,0.2548,0.2732,0.0,1.0,0.0,0.4719,0.0,evict
0.65,240,0.0907,0.4719,0.2548,0.2732,0.0,1.0,0.0,0.4719,0.0,evict
0.65,300,0.0498,0.4719,0.2548,0.2732,0.0,1.0,0.0,0.4719,0.0,evict
0.75,0,1.0,0.6184,0.1752,0.2064,1.0,0.0,0.0,0.1752,1.0,keep
0.75,30,0.7408,0.6184,0.1752,0.2064,0.7157,0.1445,0.1398,0.2147,0.8802,keep
0.75,60,0.5488,0.6184,0.1752,0.2064,0.4032,0.3481,0.2487,0.2859,0.717,keep
0.75,90,0.4066,0.6184,0.1752,0.2064,0.2489,0.5343,0.2168,0.374,0.5778,keep
0.75,100,0.3679,0.6184,0.1752,0.2064,0.2088,0.5996,0.1916,0.4074,0.5238,keep
0.75,110,0.3329,0.6184,0.1752,0.2064,0.1712,0.6662,0.1626,0.4419,0.4633,keep
0.75,120,0.3012,0.6184,0.1752,0.2064,0.1352,0.7333,0.1314,0.4772,0.3947,keep
0.75,125,0.2865,0.6184,0.1752,0.2064,0.1177,0.7669,0.1154,0.4948,0.357,refresh
0.75,130,0.2725,0.6184,0.1752,0.2064,0.1005,0.8003,0.0991,0.5125,0.3168,refresh
0.75,135,0.2592,0.6184,0.1752,0.2064,0.0836,0.8336,0.0828,0.5301,0.2739,refresh
0.75,140,0.2466,0.6184,0.1752,0.2064,0.0669,0.8665,0.0665,0.5476,0.2281,refresh
0.75,150,0.2231,0.6184,0.1752,0.2064,0.0344,0.9313,0.0343,0.5819,0.127,refresh
0.75,160,0.2019,0.6184,0.1752,0.2064,0.0029,0.9942,0.0029,0.6153,0.0117,evict
0.75,180,0.1653,0.6184,0.1752,0.2064,0.0,1.0,0.0,0.6184,0.0,evict
0.75,240,0.0907,0.6184,0.1752,0.2064,0.0,1.0,0.0,0.6184,0.0,evict
0.75,300,0.0498,0.6184,0.1752,0.2064,0.0,1.0,0.0,0.6184,0.0,evict
0.85,0,1.0,0.8189,0.0819,0.0992,1.0,0.0,0.0,0.0819,1.0,keep
0.85,30,0.7408,0.8189,0.0819,0.0992,0.7157,0.1445,0.1398,0.1769,0.9459,keep
0.85,60,0.5488,0.8189,0.0819,0.0992,0.4032,0.3481,0.2487,0.3181,0.8596,keep
0.85,90,0.4066,0.8189,0.0819,0.0992,0.2489,0.5343,0.2168,0.4579,0.7689,keep
0.85,100,0.3679,0.8189,0.0819,0.0992,0.2088,0.5996,0.1916,0.5082,0.728,keep
0.85,110,0.3329,0.8189,0.0819,0.0992,0.1712,0.6662,0.1626,0.5596,0.6776,keep
0.85,120,0.3012,0.8189,0.0819,0.0992,0.1352,0.7333,0.1314,0.6116,0.6136,keep
0.85,125,0.2865,0.8189,0.0819,0.0992,0.1177,0.7669,0.1154,0.6377,0.5749,keep
0.85,130,0.2725,0.8189,0.0819,0.0992,0.1005,0.8003,0.0991,0.6637,0.5304,keep
0.85,135,0.2592,0.8189,0.0819,0.0992,0.0836,0.8336,0.0828,0.6895,0.4788,keep
0.85,140,0.2466,0.8189,0.0819,0.0992,0.0669,0.8665,0.0665,0.7151,0.4185,refresh (high conflict)
0.85,150,0.2231,0.8189,0.0819,0.0992,0.0344,0.9313,0.0343,0.7655,0.2616,refresh (high conflict)
0.85,160,0.2019,0.8189,0.0819,0.0992,0.0029,0.9942,0.0029,0.8144,0.028,refresh (high conflict)
0.85,180,0.1653,0.8189,0.0819,0.0992,0.0,1.0,0.0,0.8189,0.0,refresh (high conflict)
0.85,240,0.0907,0.8189,0.0819,0.0992,0.0,1.0,0.0,0.8189,0.0,refresh (high conflict)
0.85,300,0.0498,0.8189,0.0819,0.0992,0.0,1.0,0.0,0.8189,0.0,refresh (high conflict)
0.95,0,1.0,1.0,0.0,0.0,1.0,0.0,0.0,0.0,1.0,keep
0.95,30,0.7408,1.0,0.0,0.0,0.7157,0.1445,0.1398,0.1445,1.0,keep
0.95,60,0.5488,1.0,0.0,0.0,0.4032,0.3481,0.2487,0.3481,1.0,keep
0.95,90,0.4066,1.0,0.0,0.0,0.2489,0.5343,0.2168,0.5343,1.0,keep
0.95,100,0.3679,1.0,0.0,0.0,0.2088,0.5996,0.1916,0.5996,1.0,keep
0.95,110,0.3329,1.0,0.0,0.0,0.1712,0.6662,0.1626,0.6662,1.0,keep
0.95,120,0.3012,1.0,0.0,0.0,0.1352,0.7333,0.1314,0.7333,1.0,refresh (high conflict)
0.95,125,0.2865,1.0,0.0,0.0,0.1177,0.7669,0.1154,0.7669,1.0,refresh (high conflict)
0.95,130,0.2725,1.0,0.0,0.0,0.1005,0.8003,0.0991,0.8003,1.0,refresh (high conflict)
0.95,135,0.2592,1.0,0.0,0.0,0.0836,0.8336,0.0828,0.8336,1.0,refresh (high conflict)
0.95,140,0.2466,1.0,0.0,0.0,0.0669,0.8665,0.0665,0.8665,1.0,refresh (high conflict)
0.95,150,0.2231,1.0,0.0,0.0,0.0344,0.9313,0.0343,0.9313,1.0,refresh (high conflict)
0.95,160,0.2019,1.0,0.0,0.0,0.0029,0.9942,0.0029,0.9942,1.0,refresh (high conflict)
0.95,180,0.1653,1.0,0.0,0.0,0.0,1.0,0.0,1.0,,refresh (high conflict)
0.95,240,0.0907,1.0,0.0,0.0,0.0,1.0,0.0,1.0,,refresh (high conflict)
0.95,300,0.0498,1.0,0.0,0.0,0.0,1.0,0.0,1.0,,refresh (high conflict)
