u_poa,u_cf,keep,refresh,evict,refresh_conflict,agreement_with_ref,mean_abs_dBetP
0.0,0.0,0.507565251459879,0.19104980690418594,0.18367423088164872,0.11771071075428634,0.8472459748384649,0.04348276899130779
0.0,0.1,0.531215601893023,0.207741245390265,0.17231236124153454,0.08873079147517739,0.8769472826661526,0.04355836579438869
0.0,0.15,0.5402329587502566,0.21402851972313605,0.16770418094414835,0.07803434058245906,0.882786798589561,0.045706908297635594
0.0,0.2,0.5478572894447173,0.21932699423511046,0.16354997792302287,0.06926573839714928,0.885087779304855,0.04854746208930022
0.0,0.25,0.5542938165807427,0.2236926387273711,0.15999900498131228,0.06201453971057394,0.8847892736985468,0.051832845528102425
0.0,0.3,0.559791294830256,0.22750480407460152,0.1567216621787178,0.055982238916424655,0.8819223761046262,0.055407659727008195
0.0,0.35,0.5644741015292193,0.23072617707601323,0.15380501365041263,0.05099470774435482,0.8768104675965945,0.05916819259856757
0.0,0.4,0.5685350215483734,0.23359307466993368,0.15113090092723305,0.04674100285445987,0.8707968234028396,0.06304240103420623
0.0,0.5,0.5753073674914957,0.2381763795001275,0.14655381496383726,0.03996243804453952,0.8566862146379686,0.07093813922996174
0.1,0.0,0.531215601893023,0.20774124539026498,0.17231236124153457,0.0887307914751774,0.8854546924459425,0.03633765054021746
0.1,0.1,0.5505189644343008,0.22120509200813426,0.1606395482615158,0.06763639529604916,0.9203114408492483,0.025753625450459217
0.1,0.15,0.5580624498603864,0.22647247218611824,0.15575151895821543,0.059713558995279886,0.9275439829354295,0.026562776643627158
0.1,0.2,0.5645860411315851,0.23076970914359984,0.151535127269109,0.05310912245570613,0.9294407373088476,0.029007781766757012
0.1,0.25,0.5701892401166659,0.23428958775131997,0.1478224637906481,0.04769870834136604,0.9279482092773055,0.03240403648298786
0.1,0.3,0.575058612819572,0.23730573814839462,0.14448915118687072,0.043146497845162654,0.9231410252423803,0.0364038888786142
0.1,0.35,0.5792314724410917,0.239967413137978,0.14148543852339227,0.039315675897537955,0.91610126802694,0.04079786294207991
0.1,0.4,0.582894384985168,0.24223729951928158,0.1387988880666165,0.0360694274289339,0.9077368921835063,0.045445994498087804
0.1,0.5,0.5890137499144905,0.24584424226217497,0.13419692663602836,0.030945081187306052,0.8889807899204607,0.0551160347445367
0.15,0.0,0.5402329587502566,0.21402851972313605,0.16770418094414838,0.07803434058245906,0.8957966679311695,0.03679325102617762
0.15,0.1,0.5580624498603864,0.2264724721861182,0.15575151895821543,0.05971355899527987,0.9352678154986599,0.020492766933905917
0.15,0.15,0.5653198674137598,0.23101224494872544,0.1509443349232903,0.052723552714224416,0.9464742134688217,0.018575218952566964
0.15,0.2,0.5714019191422939,0.23497988196590813,0.14660356589822202,0.04701463299357591,0.9493473299295403,0.020302974093982924
0.15,0.25,0.5767688011890473,0.23816394176653133,0.1428660269525687,0.04220123009185267,0.9476557981604592,0.023594012902061975
0.15,0.3,0.5813769814864336,0.24091889975808606,0.13944565021361807,0.0382584685418623,0.9419406595730125,0.027806479397766957
0.15,0.35,0.585456558105982,0.24325097480737062,0.13639218661575486,0.0349002804708926,0.9335887214631751,0.032603880123693876
0.15,0.4,0.5890075310476925,0.24525966878315433,0.13368076069178672,0.032052039477366435,0.9237566930553914,0.037768260632882134
0.15,0.5,0.5949776431738609,0.24845616631737366,0.12905392379400626,0.02751226671475924,0.9019906592620692,0.048501477804274364
0.2,0.0,0.5478572894447173,0.21932699423511048,0.16354997792302287,0.06926573839714928,0.9011324556439326,0.03847226184826042
0.2,0.1,0.564586041131585,0.23076970914359984,0.151535127269109,0.05310912245570612,0.9440301988171715,0.01998992667799369
0.2,0.15,0.5714019191422939,0.2349798819659082,0.14660356589822202,0.04701463299357591,0.9602676600269898,0.013094822514535667
0.2,0.2,0.5773284992008756,0.23845622850604165,0.1422503591395576,0.041964913153525164,0.9674753266459786,0.012353756586358868
0.2,0.25,0.5824341888421092,0.24139153363474106,0.1384133183251348,0.037760959198014935,0.9661569268847829,0.015291900573646567
0.2,0.3,0.5870548068730916,0.24377335961841032,0.13499294158618416,0.03417889192231392,0.959260203605699,0.019799784951054472
0.2,0.35,0.5910784136914571,0.24583180452857878,0.13190838365433052,0.031181398125633544,0.9490674809236261,0.025215700276584006
0.2,0.4,0.5945982922991772,0.24758552496564076,0.12915964452957382,0.02865653820560818,0.9370153170689237,0.031082531550363807
0.2,0.5,0.6006305930933264,0.250303169756407,0.1244768378306105,0.024589399319655973,0.9127057667551818,0.04279459408790041
0.25,0.0,0.5542938165807426,0.2236926387273711,0.1599990049813123,0.06201453971057394,0.9030229911505525,0.040937101968317464
0.25,0.1,0.5701892401166659,0.23428958775131994,0.14782246379064806,0.04769870834136604,0.9463933682004464,0.021758857197325083
0.25,0.15,0.5767688011890473,0.23816394176653127,0.14286602695256873,0.04220123009185266,0.96567807414133,0.013288703329789127
0.25,0.2,0.5824341888421092,0.24139153363474106,0.1384133183251348,0.037760959198014935,0.9814429014744933,0.006309264782993312
0.25,0.25,0.5875647539505351,0.24392883128836262,0.13453896430992346,0.033967450451178785,0.9835697539194408,0.007442567699557066
0.25,0.3,0.5920423380451614,0.2461427478684834,0.1310563989029919,0.03075851518336329,0.9745772725293997,0.01261619995394662
0.25,0.35,0.5961219146647098,0.24780940417037206,0.12797184097113823,0.02809684019377989,0.960957954241578,0.019069866427640712
0.25,0.4,0.5996791064732185,0.24933924540270275,0.12514847544480442,0.025833172679274388,0.9471645076834099,0.025575258184451676
0.25,0.5,0.6058357846033295,0.25158425631681397,0.12042835554505257,0.02215160353480389,0.9212629274693566,0.03796484791149045
0.3,0.0,0.559791294830256,0.22750480407460155,0.1567216621787178,0.05598223891642465,0.9025317006735032,0.04392598993684823
0.3,0.1,0.575058612819572,0.23730573814839462,0.14448915118687072,0.043146497845162654,0.9449194967692987,0.02479191012836612
0.3,0.15,0.5813769814864336,0.24091889975808606,0.13944565021361807,0.0382584685418623,0.9644156441813172,0.01606840822793133
0.3,0.2,0.5870548068730916,0.24377335961841035,0.13499294158618416,0.034178891922313916,0.9827426446352946,0.007821150772940086
0.3,0.25,0.5920423380451614,0.2461427478684834,0.13105639890299192,0.03075851518336329,0.9999999999999999,0.0
0.3,0.3,0.5965634542073743,0.24791512490593964,0.12756139576246417,0.027960025124221865,0.9837749765237778,0.0074370019885860806
0.3,0.35,0.6006990006281056,0.2494200906710779,0.12439599256223531,0.025484916138581226,0.9684765642004713,0.014525451406805197
0.3,0.4,0.6043183811045951,0.25067630176429245,0.12158506476949771,0.023420252361614664,0.9540487932288979,0.02129589509821808
0.3,0.5,0.6107175950398318,0.2523927090005659,0.11675300526738017,0.020136690692222067,0.9274071678658715,0.03398530787556714
0.35,0.0,0.5644741015292194,0.2307261770760132,0.1538050136504126,0.05099470774435482,0.8993103276720915,0.04726957477413343
0.35,0.1,0.5792314724410917,0.239967413137978,0.14148543852339227,0.03931567589753795,0.9399319655972289,0.028619920410723778
0.35,0.15,0.5854565581059819,0.2432509748073706,0.1363921866157549,0.034900280470892595,0.9582029962500233,0.020207237046256234
0.35,0.2,0.5910784136914571,0.24583180452857878,0.13190838365433052,0.031181398125633544,0.9744031442590531,0.012602015509038153
0.35,0.25,0.5961219146647099,0.24780940417037206,0.12797184097113826,0.028096840193779893,0.9845398971399432,0.007074734943022722
0.35,0.3,0.6006990006281054,0.24942009067107793,0.12439599256223532,0.025484916138581226,0.9835262218518541,0.005935850479610071
0.35,0.35,0.6048158904484424,0.25064520743030205,0.12121815162841028,0.023320750492845196,0.9710325184544872,0.011824405854809409
0.35,0.4,0.6085845237280862,0.2516029129172082,0.1183823483684803,0.021430214986225212,0.9575375775026274,0.01830302978475334
0.35,0.5,0.6153195564704199,0.2527969353424419,0.11347566246478569,0.018407845722352476,0.931430774684237,0.03084165527180372
0.4,0.0,0.5685350215483734,0.23359307466993365,0.15113090092723303,0.04674100285445986,0.8943912040348008,0.0508520682930443
0.4,0.1,0.582894384985168,0.24223729951928158,0.1387988880666165,0.0360694274289339,0.9325252952407013,0.03296638148413337
0.4,0.15,0.5890075310476925,0.24525966878315433,0.13368076069178675,0.03205203947736644,0.9490177299892413,0.025159448123776667
0.4,0.2,0.5945982922991772,0.24758552496564076,0.12915964452957382,0.02865653820560817,0.961965410662869,0.018612435075476552
0.4,0.25,0.5996791064732183,0.24933924540270272,0.12514847544480445,0.02583317267927438,0.9699753110988116,0.01381495662091072
0.4,0.3,0.6043183811045951,0.2506763017642925,0.12158506476949772,0.023420252361614668,0.972568578553616,0.01106788719695219
0.4,0.35,0.6085845237280862,0.25160291291720827,0.1183823483684803,0.021430214986225216,0.9686444736040198,0.01157808489259446
0.4,0.4,0.612558379612067,0.25220614299662314,0.11550923190776176,0.01972624548354799,0.9580288679796767,0.0167355137157771
0.4,0.5,0.6196105745611035,0.2529150938116056,0.11054657620288431,0.016927755424406565,0.9338499138686949,0.02853798578253509
0.5,0.0,0.5753073674914957,0.2381763795001275,0.1465538149638373,0.03996243804453953,0.8814746176951636,0.05842545360290477
0.5,0.1,0.5890137499144905,0.24584424226217497,0.1341969266360284,0.03094508118730605,0.9142418268543107,0.042509354982039525
0.5,0.15,0.5949776431738608,0.24845616631737363,0.12905392379400626,0.02751226671475924,0.9268661264544374,0.03604019377788875
0.5,0.2,0.6006305930933264,0.250303169756407,0.12447683783061052,0.024589399319655973,0.9365862152598553,0.030675589600107196
0.5,0.25,0.6058357846033295,0.2515842563168139,0.1204283555450526,0.022151603534803888,0.9434145310041604,0.026403341153676364
0.5,0.3,0.6107175950398318,0.25239270900056593,0.11675300526738018,0.020136690692222063,0.9470463492142461,0.02323259001227372
0.5,0.35,0.6153195564704199,0.2527969353424419,0.11347566246478567,0.018407845722352472,0.9486445979813558,0.021224184489091847
0.5,0.4,0.6196105745611034,0.25291509381160565,0.11054657620288431,0.016927755424406565,0.947307541619766,0.02056088811535839
0.5,0.5,0.6274339089931033,0.2524051467341621,0.10558392049800686,0.01457702377472777,0.9330290234513468,0.02662856176460693
